id,name
1,E 128 St & Madison Ave
2,Thompson St & Bleecker St
3,Queens Plaza North & Crescent St
4,9 St & 44 Rd
5,Sherman Ave & E 166 St
6,Degraw St & Smith St
7,Nelson Ave & W 172 St
8,Fulton Ave & St Paul's Pl
9,Woodward Ave & Starr St
10,Lexington Ave & E 26 St
11,Amsterdam Ave & W 162 St
12,E 27 St & 1 Ave
13,Gerard Ave & E 146 St
14,DeKalb Ave & Hudson Ave
15,W 82 St & Central Park West
16,100 St & Lewis Ave
17,N 5 St & Wythe Ave
18,Amsterdam Ave & W 82 St
19,W 20 St & 8 Ave
20,Stanton St & Chrystie St
21,Bleecker St & Crosby St
22,W 40 St & 7 Ave
23,E 156 St & Courtlandt Ave
24,Centre St & Chambers St
25,Broadway & Roebling St
26,W 230 St & Marble Hill Ave
27,N 10 St & Berry St
28,Washington Pl & Broadway
29,Central Ave & Decatur St
30,W 42 St & 8 Ave
31,E 6 St & Ave D
32,Columbus Ave & W 59 St
33,E 2 St & Ave A
34,Intervale Ave & Kelly St
35,W 25 St & 8 Ave
36,27 St & Hunter St
37,E 6 St & Ave B
38,W 22 St & 10 Ave
39,Division St & Bowery
40,E 10 St & Ave A
41,Monroe St & Bedford Ave
42,7 Ave & 22 St
43,St Mary's St & Jackson Ave
44,Chauncey St & Howard Ave
45,55 St & Northern Blvd
46,79 St & Roosevelt Ave
47,Lincoln Rd & Ocean Ave
48,Beaver St & Fayette St
49,Cadman Plaza E & Tillary St
50,Washington Pl & Greene St
51,Irving Ave & Jefferson St
52,Steinway St & Broadway
53,Malcolm X Blvd & DeKalb Ave
54,Central Ave & Melrose St
55,Lorimer St & Broadway
56,75 St & Roosevelt Ave
57,Carroll St & 5 Ave
58,West End Ave & W 94 St
59,Harman St & Seneca Ave
60,E 75 St & 3 Ave
61,E 58 St & Madison Ave
62,W 25 St & 9 Ave
63,81 St & 24 Ave
64,35 St & Broadway
65,Willoughby Ave & Onderdonk Ave
66,Lexington Ave & Stuyvesant Ave
67,University Ave & Macombs Rd
68,Graham Ave & Conselyea St
69,7 St & 5 Ave
70,10 St & 4 Ave
71,Tiebout Ave & E 184 St
72,1 Ave & E 94 St
73,Lewis Ave & Fulton St
74,New York Ave & Hawthorne St
75,35 Ave & 37 St
76,Ashland Pl & Dekalb Ave
77,57 St & Woodside Ave
78,Columbus Ave & W 72 St
79,W 17 St & 7 Ave
80,4 Ave & 3 St
81,Riverside Dr & W 91 St
82,6 Ave & W 34 St
83,Park Circle & East Dr
84,Cleveland Pl & Spring St
85,Kenmare St & Elizabeth St
86,Lexington Ave & E 120 St
87,Lexington Ave & Patchen Ave
88,Hancock St & Stuyvesant Ave
89,Boston Rd & West Farms Rd
90,Cliff St & Fulton St
91,Flatbush Ave & Fenimore St
92,Eastern Pkwy & Nostrand Ave
93,E 47 St & Park Ave
94,St Johns Pl & Washington Ave
95,Canal St & Rutgers St
96,Myrtle Ave & Lewis Ave
97,5 Ave & E 72 St
98,W 15 St & 6 Ave
99,E 17 St & 2 Ave
100,Atlantic Ave & Furman St
101,Bank St & Washington St
102,E 63 St & 3 Ave
103,E 41 St & Madison Ave (SE corner)
104,W 56 St & 6 Ave
105,Hicks St & Montague St
106,W 12 St & Hudson St
107,E 54 St & 1 Ave
108,21 St & 21 Ave
109,Bushwick Ave & Dekalb Ave
110,Amsterdam Ave & W 79 St
111,Liberty St & Broadway
112,W 25 St & 6 Ave
113,Rivington St & Ridge St
114,Main St & Plymouth St
115,Broadway & Kent Ave
116,Huron St & Franklin St
117,Grand Concourse & E 161 St
118,Clark St & Henry St
119,Scholes St & Manhattan Ave
120,Carroll St & Franklin Ave
121,Prospect Park West & 8 St
122,Brook Ave & E 157 St
123,Stratford Rd & Beverley Rd
124,E 14 St & Ave B
125,Crescent St & 34 Ave
126,61 St & 39 Ave
127,Broadway & Moylan Pl
128,Park Pl & Church St
129,Greene St & Prince St
130,Loring Pl North & W 183 St
131,E 77 St & 1 Ave
132,Jackson Mill Rd & 93 St
133,Broadway & W 165 St
134,East End Ave & E 86 St
135,Marble Hill Ave & W 225 St
136,5 St & 6 Ave
137,E 58 St & 3 Ave
138,21 Ave & Crescent St
139,Madison St & Malcolm X Blvd
140,Madison St & Montgomery St
141,Clinton St & Union St
142,E 35 St & Madison Ave
143,W 180 St & Ft Washington Ave
144,Wilkins Ave & Crotona Park E
145,Macon St & Lewis Ave
146,W 18 St & 9 Ave
147,Central Park W & W 97 St
148,W 46 St & 11 Ave
149,Stuyvesant Ave & Hart St
150,Pierrepont St & Monroe Pl
151,N 15 St & Wythe Ave
152,Prospect Pl & Vanderbilt Ave
153,Knickerbocker Ave & Hancock St
154,48 St & Broadway
155,65 St & Broadway
156,49 Ave & 21 St
157,Steinway St & Ditmars Blvd
158,Snyder Ave & Schenectady Ave
159,Grand Ave & Remsen Pl
160,Kent Ave & N 7 St
161,Sharon St & Olive St
162,Jerome Ave & Bedford Park Blvd E
163,Amsterdam Ave & W 183 St
164,Classon Ave & St Marks Ave
165,10 St & 2 Ave
166,Metropolitan Ave & Stewart Ave
167,Amsterdam Ave & W 167 St
168,Schenectady Ave & President St
169,Lefferts Ave & Schenectady Ave
170,6 Ave & 9 St
171,39 Ave & 99 St
172,Macon St & Howard Ave
173,W 225 St & Exterior St
174,N 6 St & Bedford Ave
175,Greenwich St & Perry St
176,DeKalb Ave & Franklin Ave
177,Grand Concourse & E 199 St
178,Central Ave & Weirfield St
179,Carroll St & Utica Ave
180,Clifton Pl & Bedford Ave
181,Duane St & Hudson St
182,Menahan St & Wyckoff Ave
183,Calyer St & Jewel St
184,Pulaski St & Throop Ave
185,Lewis Ave & Kosciuszko St
186,Irving Ave & Halsey St
187,1 Ave & E 62 St
188,56 Ave & 92 St
189,Putnam Ave & Knickerbocker Ave
190,Cathedral Pkwy & Broadway
191,Morningside Dr & Amsterdam Ave
192,Sands St & Jay St
193,Ditmars Blvd & 31 Dr
194,Sigourney St & Columbia St
195,Ocean Pkwy & Church Ave
196,Pacific St & Nevins St
197,111 St & 53 Ave
198,Lenox Ave & W 140 St
199,Clinton St & Centre St
200,Crescent St & Ditmars Blvd
201,Ogden Ave & W 164 St
202,Edgecombe Ave & W 167 St
203,Myrtle Ave & Marcy Ave
204,Marcy Ave & Hart St
205,E 43 St & 2 Ave
206,Scholes St & Lorimer St
207,West Farms Rd & Boone Ave
208,E 128 St & 3 Ave
209,Willis Ave & Bruckner Blvd
210,E Burnside Ave & Ryer Ave
211,Pioneer St & Richards St
212,Spruce St & Nassau St
213,1 Pl & Clinton St
214,W Broadway & Spring St
215,North Moore St & Greenwich St
216,E 115 St & Madison Ave
217,53 St & Roosevelt Ave
218,Ave A & E 11 St
219,Underhill Ave & Lincoln Pl
220,Watts St & Greenwich St
221,55 Ave & Center Blvd
222,St James Ave & 51 Ave
223,E 161 St & River Ave
224,Clermont Ave & Park Ave
225,Ave C & E 16 St
226,Prospect Ave & E 151 St
227,E 14 St & 1 Ave
228,Coffey St & Ferris St
229,Jefferson Ave & Evergreen Ave
230,34 Ave & 89 St
231,W Tremont Ave & Grand Ave
232,Carlton Ave & Park Ave
233,W 30 St & 8 Ave
234,30 Ave & 21 St
235,E 9 St & 5 Ave
236,E 3 St & 1 Ave
237,E 25 St & 2 Ave
238,New York Ave & St Marks Ave
239,Queens Blvd & Broadway
240,Clinton St & Tillary St
241,E 149 St & Jackson Ave
242,Mt Morris Park W & W 120 St
243,Brook Ave & E 148 St
244,E 116 St & 2 Ave
245,Macombs Rd & Featherbed Ln
246,Broadway & Hancock St
247,W 100 St & Manhattan Ave
248,Mount Eden Pkwy & Eastburn Ave
249,Fulton St & William St
250,E 10 St & 2 Ave
251,Franklin St & Dupont St
252,Allen St & Rivington St
253,Eastern Pkwy & Franklin Ave (SW Corner)
254,Mott St & Prince St
255,E 25 St & 1 Ave
256,Broadway & W 133 St
257,W 170 St & University Ave
258,W 48 St &  Rockefeller Plaza
259,E 12 St & 3 Ave
260,E 20 St & 2 Ave
261,W 27 St & 6 Ave
262,Flatbush Ave & Ocean Ave
263,Allen St & Hester St
264,Franklin Ave & Quincy St
265,Forsyth St & Grand St
266,W 27 St & 7 Ave
267,E 40 St & 5 Ave
268,Perry St & Bleecker St
269,Plaza St West & Flatbush Ave
270,53 Ave & 94 St
271,Duffield St & Willoughby St
272,W 15 St & 10 Ave
273,W 31 St & 7 Ave
274,Knickerbocker Ave & Moffat St
275,Broadway & W 29 St
276,12 St & 4 Ave
277,Davidson Ave & W Burnside Ave
278,Cumberland St & Lafayette Ave
279,E 47 St & 1 Ave
280,Berkeley Pl & 7 Ave
281,E 9 St & Ave C
282,Brook Ave & E 138 St
283,W 44 St & 5 Ave
284,E 123 St & Lexington Ave
285,Pier 40 - Hudson River Park
286,W Fordham Rd & Loring Pl N
287,55 Ave & 97 Pl
288,Park Ave & E Tremont Ave
289,W 113 St & Broadway
290,E 78 St & 2 Ave
291,E 163 St & Union Ave
292,Windsor Pl & 8 Ave
293,Bushwick Ave & Furman Ave
294,Suydam St & Knickerbocker Ave
295,48 St & 5 Ave
296,Graham Ave & Herbert St
297,2 Ave & E 96 St
298,Decatur St & Saratoga Ave
299,31 St & Hoyt Ave N
300,E 138 St & Park Ave
301,Washington Pl & 6 Ave
302,Kane St & Clinton St
303,Evergreen Ave & Noll St
304,Greene Ave & Nostrand Ave
305,92 St & Astoria Blvd
306,Bedford Park Blvd & Paul Ave
307,99 St & 35 Ave
308,Butler St & 27 Ave
309,5 St & Market St
310,Valentine Ave & E 183 St
311,Frederick Douglass Blvd & Harlem River Dr
312,FDR Drive & E 35 St
313,Hope St & Union Ave
314,Columbia Heights & Cranberry St
315,55 St & 5 Ave
316,President St & Hoyt St
317,31 Ave & 14 St
318,Troy Ave & Park Pl
319,E 89 St & 3 Ave
320,74 St & 37 Ave
321,Van Sinderen Ave & Truxton St
322,W 218 St & Indian Rd
323,Riverside Dr & W 153 St
324,21 St & Hoyt Ave S
325,Henry St & Remsen St
326,34 St & 35 Ave
327,E 149 St & Park Ave
328,3 Ave & E 100 St
329,W 87 St & Amsterdam Ave
330,E 23 St & 1 Ave
331,E 118 St & Madison Ave
332,11 Ave & W 41 St
333,31 St & Northern Blvd
334,W 54 St & 9 Ave
335,Melrose Ave & E 150 St
336,Lexington Ave & E 24 St
337,Bond St & Fulton St
338,Fulton Ave & E 172 St
339,Waterbury St & Stagg St
340,E 13 St & 2 Ave
341,E 15 St & 5 Ave
342,31 St & Ditmars Blvd
343,31 St & Broadway
344,Vernon Blvd & 31 Ave
345,Grove St & Fresh Pond Rd
346,Gillmore St & 27 Ave
347,Sedgwick Ave & W 195 St
348,McKeever Pl & Sullivan Pl
349,Central Ave & Woodbine St
350,St Felix Ave & 61 St
351,14 St & 5 Ave
352,23 Ave & 27 St
353,Bainbridge Ave & E 193 St
354,Vernon Blvd & 41 Rd
355,Caton Ave & E 7 St
356,Nassau St & Duffield St
357,Lincoln Pl & Nostrand Ave
358,Stephen St & Seneca Ave
359,40 Ave & 9 St
360,64 St & 51 Ave
361,63 St & 5 Ave
362,Eastern Pkwy & Washington Ave
363,50 St & 30 Ave
364,62 St & 43 Ave
365,St Nicholas Ave & W 137 St
366,Graham Ave & Withers St
367,Riverside Dr & W 104 St
368,Market St & Cherry St
369,India St & Manhattan Ave
370,59 St & 5 Ave
371,Monroe St & Marcus Garvey Blvd
372,Chester Ave & 12 Ave
373,Wadsworth Ave & W 175 St
374,11 St & 44 Rd
375,Hoyt St & Warren St
376,Henry St & Middagh St
377,E 171 St & 3 Ave
378,1 St & 6 Ave
379,Carlton Ave & St Marks Ave
380,Green St & McGuinness Blvd
381,Central Park West & W 85 St
382,Convent Ave & W 151 St
383,Columbus Pl & Atlantic Ave
384,Clinton St & Cherry St
385,President St & Nostrand Ave
386,5 Ave & W 126 St
387,Bainbridge Ave & Bedford Park Blvd
388,Madison Ave & E 51 St
389,64 St & 3 Ave
390,Cedar St & Myrtle Ave
391,Withers St & Kingsland Ave
392,Southern Blvd & E 172 St
393,Empire Blvd & New York Ave
394,Coffey St & Conover St
395,Marcy Ave & Rutledge St
396,Botanical Sq & Webster Ave
397,E 18 St & Church Ave
398,Smith St & 3 St
399,Kingston Ave & Montgomery St
400,Cortelyou Rd & E 34 St
401,St James Pl & Pearl St
402,36 St & 47 Ave
403,100 St & 37 Ave
404,Barry St & Tiffany St
405,1 Ave & E 30 St
406,W 36 St & 9 Ave
407,72 St & Northern Blvd
408,57 Rd & 59 St
409,Page Pl & Grand Ave
410,27 Ave & 9 St
411,Pacific St & Ralph Ave
412,E 153 St & E 157 St
413,Rogers Ave & Snyder Ave
414,W 52 St & 6 Ave
415,E 118 St & Park Ave
416,21 Ave & 80 St
417,31 St & Astoria Blvd
418,MacDougal St & Rockaway Ave
419,53 Ave & 62 St
420,Parade Pl & Crooke Ave
421,Suydam St & St Nicholas Ave
422,92 St & 37 Ave
423,Amsterdam Ave & W 66 St
424,E 51 St & Lexington Ave
425,43 Ave & 40 St
426,West End Ave & W 60 St
427,Washington Park
428,E 141 St & St Ann's Ave
429,58 St & 2 Ave
430,Central Park S & Grand Army Plaza
431,Nassau St & Navy St
432,Bergen Ave & E 152 St
433,Bedford Ave & Nassau Ave
434,48 Ave & 5 St
435,Corona Ave & 102 St
436,Dyckman St & Henshaw St
437,Grand Concourse & E 166 St
438,St Johns Pl & Kingston Ave
439,44 St & Greenpoint Ave
440,56 St & Arnold Ave
441,Academy St & Nagle Ave
442,Flatbush Ave & Eastern Pkwy
443,Walnut Ave & E 136 St
444,Leonard St & Boerum St
445,Dock 72 Way & Market St
446,Nostrand Ave & Myrtle Ave
447,W 160 St & Riverside Dr
448,39 Ave & 45 St
449,7 Ave & W 55 St
450,White St & Moore St
451,W 34 St & Hudson Blvd E
452,E 97 St & 3 Ave
453,Broadway & W 157 St
454,Washington Ave & Park Ave
455,E 115 St & Lexington Ave
456,E 3 St & Church Ave
457,Pacific St & Thomas S. Boyland St
458,Riverside Dr E & W 155 St
459,Grand Ave & 58 Ave
460,3 Ave & E 112 St
461,Greene Ave & Myrtle Ave
462,Clarkson Ave & E 40 St
463,W 133 St & 12 Ave
464,Schenectady Ave & Cortelyou Rd
465,Eastern Pkwy & Schenectady Ave
466,50 Ave & 65 St
467,E 65 St & 2 Ave
468,62 St & 34 Ave
469,Manhattan Ave & Devoe St
470,Audubon Ave & W 192 St
471,Yankee Ferry Terminal
472,43 St & 35 Ave
473,53 St & 2 Ave
474,20 Ave & 38 St
475,Webb Ave & W 190 St
476,Thomas S. Boyland St & Marion St
477,Cypress Ave & George St
478,7 St & 3 Ave
479,Jefferson Ave & Patchen Ave
480,48 St & 50 Ave
481,26 Ave & 2 St
482,Prospect Ave & Jennings St
483,Park Ave & E 124 St
484,Broadway & W 131 St
485,25 Ave & 41 St
486,1 Ave & E 38 St
487,24 Ave & 29 St
488,37 Ave & 35 St
489,Marion Ave & Mosholu Pkwy
490,Popham Ave & W 174 St
491,67 St & Erik Pl
492,Pacific St & Smith St
493,Roosevelt Ave & 104 St
494,37 Ave & 63 St
495,Willoughby Ave & Myrtle Ave
496,E 106 St & 1 Ave
497,Bushwick Ave & Stagg St
498,31 Ave & 57 St
499,S 4 St & Roebling St
500,Front St & Gold St
501,16 St & 4 Ave
502,44 St & 2 Ave
503,36 St & Hunters Point Ave
504,Caton Ave & Argyle Rd
505,71 Ave & Myrtle Ave
506,St Marks Ave & Thomas S. Boyland St
507,W 190 St & Broadway
508,Queens Blvd & 56 Ave
509,Judge St & Britton Ave
510,E 98 St & Park Ave
511,Prospect Park SW & 16 St
512,Myrtle Ave & Linden St
513,3 Ave & E Tremont Ave
514,30 St & 4 Ave
515,Manhattan Ave & Leonard St
516,74 St & Woodside Ave
517,Martense Ave & 108 St
518,48 St & Skillman Ave
519,Sheridan Ave & E 168 St
520,Kent St & McGuinness Blvd
521,Pacific St & Rochester Ave
522,Southern Blvd & E 187 St
523,E 184 St & 3 Ave
524,35 St & 23 Ave
525,4 Ave & 26 St
526,49 St & 31 Ave
527,Knickerbocker Ave & Halsey St
528,Rogers Ave & Lincoln Rd
529,Southpoint Park
530,Bergen St & Buffalo Ave
531,Steinway St & 19 Ave
532,Sedgwick Ave & Giles Pl
533,Seaman Ave & Beak St
534,Frost St & Debevoise Ave
535,67 Ave & Fresh Pond Rd
536,Matthews Ct & Coney Island Ave
537,Grand Concourse & E 181 St
538,34 Ave & 13 St
539,E Tremont Ave & E 176 St
540,Eastern Pkwy & Ralph Ave
541,42 Ave & 108 St
542,77 St & 24 Ave
543,W Tremont Ave & Matthewson Rd
544,72 St & Woodside Ave
545,Inwood Ave & W 170 St
546,Marble Hill Ave & W 227 St
547,E 179 St & Daly Ave
548,65 St & Otto Rd
549,Arthur Ave & E 183 St
550,W 233 St & Albany Crescent
551,10 Ave & W 215 St
552,E 167 St & Bryant Ave
553,Park Ave & St Edwards St
554,Church Ave & McDonald Ave
555,Queens Blvd & Albion Ave
556,73 St & 25 Ave
557,Andrews Ave S & W 179 St
558,Intervale Ave & Westchester Ave
559,Metropolitan Ave & Vandervoort Ave
560,57 Ave & 98 Pl
561,Cabrini Blvd & W 177 St
562,W 163 St & Riverside Dr
563,Columbia St & Lorraine St
564,Corona Ave & 90 St
565,Lafayette Ave & Franklin Ave
566,Frederick Douglass Blvd & W 139 St
567,111 St & 37 Ave
568,E 135 St & St Ann's Ave
569,46 St & 28 Ave
570,Concourse Village West & E 156 St
571,Ocean Ave & Tennis Ct
572,23 St & 31 Ave
573,6 Ave & 60 St
574,W 159 St & Edgecombe Ave
575,Amsterdam Ave & W 152 St
576,Grand Concourse & E 203 St
577,Washington Ave & E 174 St
578,Gerard Ave & E 165 St
579,E Mosholu Pkwy & E 204 St
580,Church Ave & Story St
581,65 St & 2 Ave
582,Lincoln Ave & E 134 St
583,Keegan Rd & 2 Ave
584,35 St & 21 Ave
585,Ditmars Blvd & 79 St
586,63 St & Borden Ave
587,21 St & 23 Ave
588,Stewart Ave & Johnson Ave
589,Greenwich St & Hubert St
590,61 St & Laurel Hill Blvd
591,Lexington Ave & E 36 St
592,Ditmars Blvd & 76 St
593,Albemarle Rd & E 21 St
594,Ditmars Blvd & 73 St
595,E 106 St & Madison Ave
596,Eagle St & Manhattan Ave
597,E Houston St & Columbia St
598,Jackson Ave & 49 Ave
599,W 13 St & 5 Ave
600,E 2 St & 2 Ave
601,6 Ave & Canal St
602,Central Park North & Adam Clayton Powell Blvd
603,Pike St & E Broadway
604,1 Ave & E 39 St
605,W 52 St & 5 Ave
606,Edgecombe Ave & W 150 St
607,Rogers Ave & Lenox Rd
608,Picnic Point
609,Brooklyn Ave & Snyder Ave
610,24 Ave & 87 St
611,N Henry St & Norman Ave
612,36 Ave & 10 St
613,Willoughby Ave & Hall St
614,Calyer St & West St
615,Warren St & Court St
616,W 76 St & Columbus Ave
617,St Marks Pl & 2 Ave
618,43 Ave & 42 St
619,Meserole Ave & Manhattan Ave
620,Willoughby St & Ashland Pl
621,E 91 St & 2 Ave
622,Lincoln Ave & E 138 St
623,E 103 St & Lexington Ave
624,34 Ave & 71 St
625,Irwin Ave & W 232 St
626,Union St & 4 Ave
627,DeKalb Ave & Bedford Ave
628,Washington St & Barrow St
629,45 Rd & 11 St
630,Seneca Ave & Irvine St
631,Warren St & W Broadway
632,Grand St & Havemeyer St
633,Frost St & Meeker Ave
634,E 188 St & Hughes Ave
635,E 1 St & Bowery
636,Maiden Ln & Pearl St
637,W 29 St & 9 Ave
638,Broad St & Bridge St
639,Pearl St & Hanover Square
640,Bleecker St & Forest Ave
641,Prospect Pl & Underhill Ave
642,Fresh Pond Rd & 69 Ave
643,Adams St & Prospect St
644,Ocean Ave & Crooke Ave
645,Amsterdam Ave & W 125 St
646,37 Ave & 106 St
647,31 Ave & 61 St
648,Butler St & Court St
649,E 11 St & Ave B
650,32 Ave & 81 St
651,Columbia St & Kane St
652,29 St & 5 Ave
653,Anthony Ave & E 175 St
654,Mercer St & Bleecker St
655,Dean St & Hoyt St
656,111 St & Roosevelt Ave
657,Henry St & Atlantic Ave
658,E 178 St & Monterey Ave
659,Dyckman St & Staff St
660,Columbus Ave & W 103 St
661,55 Dr & Maurice Ave
662,E 142 St & 3 Ave
663,Rogers Ave & Sterling St
664,Broadway & W 160 St
665,MacDonough St & Marcy Ave
666,Goulden Ave & W 205 St
667,31 Ave & 103 St
668,South End Ave & Albany St
669,Lexington Ave & E 128 St
670,Riverside Dr & W 72 St
671,E 43 St & Madison Ave
672,Frederick Douglass Blvd & W 117 St
673,Kingston Ave & Park Pl
674,E 40 St & Park Ave
675,Irving Ave & Harman St
676,Greenwich Ave & Charles St
677,2 Ave & E 99 St
678,Madison Ave & E 99 St
679,West End Ave & W 107 St
680,Tinton Ave & E 165 St
681,47 Ave & 109 St
682,W 10 St & Washington St
683,Adam Clayton Powell Blvd & W 118 St
684,E 74 St & 1 Ave
685,E 80 St & 2 Ave
686,E 88 St & 1 Ave
687,St Nicholas Ave & W 155 St
688,5 Ave & W 131 St
689,Shakespeare Ave & W 169 St
690,1 Ave & E 110 St
691,W 24 St & 7 Ave
692,W 43 St & 6 Ave
693,River Ave & McClellan St
694,10 Ave & W 204 St
695,Audubon Ave & Fort George Ave
696,Benham St & Roosevelt Ave
697,Nassau Ave & Newell St
698,Southern Blvd & Ave St John
699,Van Buren St & Broadway
700,E 48 St & 5 Ave
701,W 54 St & 6 Ave
702,20 Ave & 31 St
703,E 170 St & Clay Ave
704,Adam Clayton Powell Blvd & W 126 St
705,W 20 St & 10 Ave
706,41 St & 4 Ave
707,Fulton St & Adams St
708,63 St & 59 Dr
709,Frederick Douglass Blvd & W 115 St
710,Nevins St & Schermerhorn St
711,51 St & Hobart St
712,N Moore St & Hudson St
713,Jerome Ave & E Mosholu Pkwy S
714,Putnam Ave & Wyckoff Ave
715,34 Ave & 83 St
716,Mercer St & Spring St
717,Fulton St & Clermont Ave
718,64 St & 53 Dr
719,Central Ave & Himrod St
720,88 St & Astoria Blvd
721,51 Ave & Alstyne Ave
722,Rockaway Ave & Bainbridge St
723,103 St & Martense Ave
724,Grand Army Plaza & Plaza St West
725,Lafayette St & Grand St
726,46 St & 25 Ave
727,Kingsbridge Terrace & W 230 St
728,55 St & 7 Ave
729,Church Ave & E 45 St
730,46 St & 7 Ave
731,Madison St & Clinton St
732,Pitt St & Stanton St
733,Fulton Ave & E 168 St
734,Prospect Ave & Vanderbilt St
735,Albany Ave & Carroll St
736,Sumpter St & Fulton St
737,100 St & Northern Blvd
738,5 Ave & E 63 St
739,41 Ave & 67 St
740,60 Pl & Bleecker St
741,77 St & 31 Ave
742,St Marks Ave & Rochester Ave
743,E 138 St & Grand Concourse
744,Audubon Ave & W 179 St
745,76 St & 21 Ave
746,84 St & Roosevelt Ave
747,Shore Blvd & Astoria Park
748,Grand Concourse & E 205 St
749,Bergen St & Troy Ave
750,56 Dr & 59 St
751,112 St & Northern Blvd
752,University Ave & W 168 St
753,Morgan Bike Mechanics
754,Church St & Worth St
755,Hart St & Wyckoff Ave
756,St Nicholas Ave & W 126 St
757,3 St & 7 Ave
758,Bedford Ave & Albemarle Rd
759,Wales Ave & E 147 St
760,Tibbett Ave & W 234 St
761,Flushing Ave & Woodward Ave
762,Onderdonk Ave & Gates Ave
763,4 Ave & 17 St
764,Amsterdam Ave & W 175 St
765,100 St & Humphreys St
766,W 148 St & Amsterdam Ave
767,Bayard St & Leonard St
768,3 Ave & Wakeman Pl
769,39 St & 47 Ave
770,Hudson Blvd W & W 36 St
771,Frederick Douglass Blvd & W 145 St
772,Melrose Ave & E 154 St
773,Madison St & Seneca Ave
774,Church Ave & Nostrand Ave
775,Roosevelt Island Tramway
776,Dock St & Front St
777,91 St & 31 Ave
778,E 11 St & Broadway
779,Morris Ave & E 153 St
780,Front St & Jay St
781,98 St & 41 Ave
782,Broadway & W 142 St
783,Southern Blvd & E 180 St
784,Featherbed Ln & Jerome Ave
785,New York Ave & Snyder Ave
786,St Nicholas Terrace & Convent Ave
787,Sedgwick Ave & W Burnside Ave
788,E 176 St & Clinton Ave
789,31 Ave & Steinway St
790,Maurice Ave & 53 Dr
791,E 45 St & 3 Ave
792,Crescent St & Broadway
793,Grand Concourse & E 156 St
794,Lenox Ave & W 117 St
795,Lenox Ave & W 130 St
796,Goulden Ave & W 197 St
797,55 Ave & 90 St
798,Cypress Hills St & Otto Rd
799,3 Ave & Franklin Ave
800,Forley St & Lamont Ave
801,Nagle Ave & Thayer St
802,Elmhurst Ave & Forley St
803,Decatur Ave & E 197 St
804,Brooklyn Ave & Tilden Ave
805,Paul Ave & W 205 St
806,Albemarle Rd & McDonald Ave
807,Park Pl & Buffalo Ave
808,Walton Ave & E 153 St
809,Hazen St & 20 Ave
810,Broadway & W 185 St
811,College Ave & E 169 St
812,34 Ave & 108 St
813,59 St & 4 Ave
814,Bedford Ave & Beverley Rd
815,6 Ave & 55 St
816,Cortelyou Rd & Argyle Rd
817,60 St & 37 Ave
818,Bergen St & Saratoga Ave
819,Stuyvesant Ave & Gates Ave
820,Washington Ave & Empire Blvd
821,91 St & 23 Ave
822,Cooper Ave & 65 Pl
823,23 Ave & 83 St
824,Jerome Ave & Anderson Ave
825,34 Ave & Junction Blvd
826,Columbia St & W 9 St
827,Cortelyou Rd & Albany Ave
828,99 St & 32 Ave
829,Rugby Rd & Albemarle Rd
830,Goulden Ave & Bedford Park Blvd
831,95 St & 35 Ave
832,3 Ave & E 174 St
833,E 138 St & 5 Ave
834,Corona Ave & 111 St
835,56 Dr & 61 St
836,108 St & 39 Ave
837,Bailey Ave & W 229 St
838,Buchanan Pl & Grand Ave
839,Morris Ave & E 142 St
840,33 St & Queens Blvd
841,34 St & 48 Ave
842,Jerome Ave & E 181 St
843,Prospect Ave & Longwood Ave
844,57 St & Grand Ave
845,25 Ave & 96 St
846,40 St & 3 Ave
847,E 182 St & Park Ave
848,52 St & 1 Ave
849,Sterling Pl & Rochester Ave
850,Morris Ave & E 171 St
851,E 50 St & Park Ave
852,E 16 St & 5 Ave
853,Stanton St & Norfolk St
854,Norfolk St & Broome St
855,W 56 St & 8 Ave
856,Wilson Ave & Troutman St
857,Jay St & York St
858,62 St & Northern Blvd
859,52 St & 6 Ave
860,S 3 St & Bedford Ave
861,Hudson St & Reade St
862,Grand Concourse & E 176 St
863,Webster Ave & Ford St
864,Suydam St & Broadway
865,Warren St & Smith St
866,Kent Ave & Division Ave
867,College Ave & E 170 St
868,Waverly Ave & Lafayette Ave
869,36 St & Ditmars Blvd
870,Centre St & Worth St
871,30 Ave & 41 St
872,E 118 St & 3 Ave
873,Congress St & Clinton St
874,W 89 St & Columbus Ave
875,34 Ave & 48 St
876,Water St & Gouverneur Ln
877,48 St & 2 Ave
878,Sterling Pl & Ralph Ave
879,Eastern Pkwy & Troy Ave
880,Monroe St & Patchen Ave
881,51 St & 43 Ave
882,E 91 St & Park Ave
883,Queens Blvd & 56 St
884,E 103 St & 2 Ave
885,41 St & 3 Ave
886,Borden Ave & Review Ave
887,Bay St & Court St
888,Crotona Ave & E Fordham Rd
889,3 Ave & Carroll St
890,39 Dr & 52 St
891,Ditmars Blvd & 19 St
892,Pacific St & Sackman St
893,86 St & 37 Ave
894,53 St & 4 Ave
895,University Ave & W Burnside Ave
896,E 169 St & Webster Ave
897,Bailey Ave & W 193 St
898,Naples Terrace & Godwin Terrace
899,9 Ave & W 204 St
900,Decatur Ave & Oliver Pl
901,Clinton St & Grand St
902,Broadway & W 25 St
903,Boston Rd & E 178 St
904,LaGuardia Pl & W 3 St
905,Broadway & W 38 St
906,43 St & 50 Ave
907,Macon St & Patchen Ave
908,Prospect Pl & 6 Ave
909,E 161 St & Park Ave
910,3 Ave & E 82 St
911,10 Ave & W 14 St
912,W 15 St & 7 Ave
913,2 Ave & E 29 St
914,W 35 St & 9 Ave
915,W 116 St & Broadway
916,E 33 St & 5 Ave
917,Garfield Pl & 8 Ave
918,Rutgers St & Henry St
919,Franklin Ave & Myrtle Ave
920,9 Ave & W 22 St
921,E 97 St & Madison Ave
922,E 11 St & 3 Ave
923,Somers St & Rockaway Ave
924,Old Broadway & W 133 St
925,Douglass St & 3 Ave
926,Adam Clayton Powell Blvd & W 132 St
927,57 St & 4 Ave
928,69 St & 38 Ave
929,Sterling Pl & New York Ave
930,W 16 St & The High Line
931,14 St & 7 Ave
932,24 St & 5 Ave
933,Bus Slip & State St
934,Concord St & Bridge St
935,Wyckoff Ave & Stanhope St
936,Gold St & Frankfort St
937,W 129 St & Convent Ave
938,Pearl St & York St
939,36 Ave & 31 St
940,Brooklyn Bridge Park - Pier 2
941,81 St & 34 Ave
942,Madison St & Woodward Ave
943,Southern Blvd & E 174 St
944,Sterling St & Bedford Ave
945,3 Ave & E 81 St
946,21 St & 38 Ave
947,Stanton St & Mangin St
948,Ave D & E 12 St
949,E 67 St & Park Ave
950,Hanson Pl & Ashland Pl
951,E Fordham Rd & Webster Ave
952,Fort Washington Ave & W 173 St
953,Throop Ave & Myrtle Ave
954,Centre St & Seneca Ave
955,Morningside Ave & W 123 St
956,Douglass St & 4 Ave
957,Pacific St & Troy Ave
958,Eldert St & Bushwick Ave
959,Grand Concourse & E 192 St
960,River Ave & E 153 St
961,47 Ave & 48 St
962,40 Ave & Crescent St
963,111 St & 49 Ave
964,29 St & 40 Ave
965,E 85 St & 3 Ave
966,E 56 St & 3 Ave
967,Union Ave & Wallabout St
968,Greenpoint Ave & West St
969,W 55 St & 6 Ave
970,Amsterdam Ave & W 131 St
971,W 87 St & West End Ave
972,W 84 St & Columbus Ave
973,Broadway & Berry St
974,India St Pier
975,Marcus Garvey Blvd & Macon St
976,Powers St & Olive St
977,Stockholm St & Wilson Ave
978,Prospect Park W & 20 St
979,34 Ave & 74 St
980,31 Ave & 34 St
981,Park Ave & Marcy Ave
982,W 116 St & Amsterdam Ave
983,Edgecombe Ave & W 141 St
984,Catalpa Ave & Woodward Ave
985,E 76 St & Park Ave
986,43 Ave & 47 St
987,W 100 St & Broadway
988,E 170 St & Webster Ave
989,48 Ave & 41 St
990,Nassau Ave & Russell St
991,53 St & Flushing Ave
992,Greenpoint Ave & Monitor St
993,Putnam Ave & Nostrand Ave
994,Broadway & 12 St
995,Steinway St & 23 Ave
996,42 Pl & Northern Blvd
997,25 Ave & 85 St
998,71 St & 37 Ave
999,48 St & 37 Ave
1000,E 188 St & Creston Ave
1001,20 Ave & Shore Blvd
1002,3 Ave & E 169 St
1003,E 189 St & Bathgate Ave
1004,2 Ave & 32 St
1005,2 Ave & 36 St
1006,Bergen St & Vanderbilt Ave
1007,E 7 St & Ave A
1008,Willoughby Ave & Wyckoff Ave
1009,Greenpoint Ave & Manhattan Ave
1010,8 Ave & W 31 St
1011,Pleasant Ave & E 116 St
1012,W 17 St & 8 Ave
1013,Driggs Ave & S 2 St
1014,Knickerbocker Ave & Thames St
1015,Broadway & Whipple St
1016,Broadway & Morris St
1017,Van Dam St & Meeker Ave
1018,Devoe St & Lorimer St
1019,W 33 St & 10 Ave
1020,Monroe St & Classon Ave
1021,5 Ave & 37 St
1022,Van Brunt St & Wolcott St
1023,St Marks Pl & 4 Ave
1024,Bedford Ave & S 9 St
1025,Icahn Stadium Plaza
1026,92 St & 35 Ave
1027,Fulton St & Irving Pl
1028,46 St & 6 Ave
1029,Fulton St & Broadway
1030,W 160 St & St Nicholas Ave
1031,Lenox Rd & E 43 St
1032,W 104 St & Amsterdam Ave
1033,Wilson Ave & Moffat St
1034,Charlotte St & Boston Rd
1035,West Thames St
1036,W 171 St & St Nicholas Ave
1037,2 Ave & E 125 St
1038,9 Ave & W 33 St
1039,St Nicholas Ave & W 134 St
1040,Riverside Dr & W 138 St
1041,W 21 St & 6 Ave
1042,Leonard St & Nassau Ave
1043,41 Ave & 80 St
1044,Dean St & Rockaway Ave
1045,7 Ave & Park Pl
1046,E 47 St & 2 Ave
1047,E 30 St & Park Ave S
1048,E 51 St & 2 Ave
1049,E 89 St & York Ave
1050,27 Ave & 3 St
1051,Washington St & Laight St
1052,87 St & 30 Ave
1053,Amsterdam Ave & W 172 St
1054,Henry St & Grand St
1055,Dahill Rd & 12 Ave
1056,93 St & Roosevelt Ave
1057,Pike St & Monroe St
1058,Broadway & W 168 St
1059,Eastern Pkwy & Brooklyn Ave
1060,Longwood Ave & Southern Blvd
1061,Fresh Pond Rd & Eliot Ave
1062,6 Ave & W 45 St
1063,Halsey St & Tompkins Ave
1064,E 39 St & Lexington Ave
1065,E 26 St & 3 Ave
1066,5 Ave & 3 St
1067,1 Ave & E 6 St
1068,W 47 St & 9 Ave
1069,Lafayette St & E 8 St
1070,Laight St & Hudson St
1071,West Drive & Prospect Park West
1072,61 St & Woodside Ave
1073,Carroll St & Columbia St
1074,Chauncey St & Malcolm X Blvd
1075,Henry St & W 9 St
1076,E 114 St & 1 Ave
1077,69 St & 43 Ave
1078,Case St & 94 St
1079,57 St & 7 Ave
1080,S 4 St & Rodney St
1081,Crown St & Rogers Ave
1082,30 Ave & 47 St
1083,W 11 St & 6 Ave
1084,32 Ave & 77 St
1085,DeKalb Ave & Vanderbilt Ave
1086,Windsor Pl & Howard Pl
1087,Peck Slip & South St
1088,2 Ave & 37 St
1089,Harrison Pl & Porter Ave
1090,Adam Clayton Powell Blvd & W 123 St
1091,Wakeman Pl & Ridge Blvd
1092,Riverside Dr & W 148 St
1093,Kingston Ave & Carroll St
1094,Grand Ave & W 181 St
1095,Beverley Rd & E 49 St
1096,Lafayette Ave & Stuyvesant Ave
1097,Ralph Ave & Fulton St
1098,34 Ave & 21 St
1099,Norman St & Wyckoff Ave
1100,Madison Ave & E 120 St
1101,37 St & 24 Ave
1102,Woodside Ave & 69 St
1103,44 St & 3 Ave
1104,Townsend Ave & E 175 St
1105,Grand Concourse & E 175 St
1106,Washington Ave & E 167 St
1107,St Ann's Ave & Bruckner Blvd
1108,Railroad Ave & Kay Ave
1109,Humboldt St & Varet St
1110,River Ter & Warren St
1111,Walton Ave & E 168 St
1112,W 30 St & 10 Ave
1113,Willoughby St & Fleet St
1114,W 63 St & Broadway
1115,Herkimer St & New York Ave
1116,Carmine St & 6 Ave
1117,W 238 St & Tibbett Ave
1118,Sands St Gate
1119,Montague St & Clinton St
1120,Southern Blvd & E 142 St
1121,Ditmars Blvd & 43 St
1122,Ave D & E 3 St
1123,Woodward Ave & Harman St
1124,5 Av & W 139 St
1125,30 Ave & 12 St
1126,Park Pl & Thomas S. Boyland St
1127,Kosciuszko St & Nostrand Ave
1128,43 St & Skillman Ave
1129,W 22 St & 8 Ave
1130,W 51 St & 6 Ave
1131,Congress St & Hicks St
1132,E 12 St & Ave C
1133,Ditmars Blvd & 48 St
1134,Cypress Ave & Palmetto St
1135,Menahan St & Seneca Ave
1136,W 78 St & Broadway
1137,W 49 St & 8 Ave
1138,New York Ave & Lenox Rd
1139,Davis St & Jackson Ave
1140,103 St & 41 Ave
1141,Montgomery St & Franklin Ave
1142,Amsterdam Ave & W 136 St
1143,Ave D & E 8 St
1144,65 Ln & Metropolitan Ave
1145,Verona Pl & Fulton St
1146,Melrose St & Broadway
1147,E 68 St & 3 Ave
1148,47 Ave & 31 St
1149,Ash St & Manhattan Ave
1150,Crotona Ave & Crotona Park N
1151,W 37 St & 10 Ave
1152,36 St & Queens Blvd
1153,Sullivan St & Washington Sq
1154,St Nicholas Ave & W 157 St
1155,3 Ave & 17 St
1156,10 St & 7 Ave
1157,Cadman Plaza E & Red Cross Pl
1158,7 Ave & 20 St
1159,George St & Wilson Ave
1160,Madison St & Forest Ave
1161,Roebling St & N 4 St
1162,Bridge St & Water St
1163,34th Ave & Vernon Blvd
1164,Willoughby Ave & Tompkins Ave
1165,Bayard St & Baxter St
1166,E 53 St & 3 Ave
1167,N Portland Ave & Flushing Ave
1168,E 182 St & Belmont Ave
1169,St Ann's Ave & E 144 St
1170,Walton Ave & E 176 St
1171,Broadway & W 192 St
1172,W 204 St & Vermilyea Ave
1173,Christopher St & Greenwich St
1174,Van Brunt St & Van Dyke St
1175,Bridge St & York St
1176,Westchester Ave & Jackson Ave
1177,Fairmount Pl & Prospect Ave
1178,Westchester Ave & E 156 St
1179,Dyckman St & 10 Ave
1180,Court St & State St
1181,Broadway & W 61 St
1182,46 St & Queens Blvd
1183,Underhill Ave & Pacific St
1184,W 59 St & 10 Ave
1185,Park Pl & Utica Ave
1186,Clinton St & Joralemon St
1187,3 Ave & E 170 St
1188,Caton Ave & St. Pauls Pl
1189,Market St & Henry St
1190,Riverside Dr & W 82 St
1191,Eames Pl & Claflin Ave
1192,Spring St & Hudson St
1193,46 Ave & 5 St
1194,Broadway & W 53 St
1195,Broadway & W 138 St
1196,Albany Ave & Park Pl
1197,Lafayette Ave & Hunts Point Ave
1198,New York Ave & Montgomery St
1199,Alexander Ave & E 134 St
1200,57 St & 37 Ave
1201,E 48 St & 3 Ave
1202,E 20 St & FDR Dr
1203,Southern Blvd & E 149 St
1204,Commerce St & Van Brunt St
1205,Flatbush Ave & Lincoln Rd
1206,E 4 St & Ave B
1207,University Pl & E 8 St
1208,N 7 St & Driggs Ave
1209,Washington Ave & E 163 St
1210,Clinton Ave & Flushing Ave
1211,E 72 St & Park Ave
1212,Clinton St & 4 Place
1213,Tiebout Ave & E Fordham Rd
1214,Sedgwick Ave & W Tremont Ave
1215,Grand Ave & Bergen St
1216,Broadway & E 21 St
1217,Sterling Pl & Schenectady Ave
1218,Eastern Pkwy & Kingston Ave
1219,31 St & Thomson Ave
1220,Skillman Ave & 43 Ave
1221,Tompkins Ave & Hopkins St
1222,60 St & 60 Rd
1223,Graham Ave & Grand St
1224,Central Park S & 6 Ave
1225,West St & Chambers St
1226,Bushwick Ave & Powers St
1227,Crescent St & 35 Ave
1228,Great Jones St
1229,Longfellow Ave & E 165 St
1230,W 41 St & 8 Ave
1231,Lefferts Ave & Albany Ave
1232,Central Park West & W 68 St
1233,E 81 St & Park Ave
1234,Madison Ave & E 82 St
1235,President St & Henry St
1236,Columbus Ave & W 95 St
1237,MacDougal St & Prince St
1238,Kent Ave & Grand St
1239,Lafayette Ave & St James Pl
1240,MacDonough St & Malcolm X Blvd
1241,Franklin Ave & St Marks Ave
1242,Harrison St & Hudson St
1243,6 St & 7 Ave
1244,W 67 St & Broadway
1245,E 22 St & 2 Ave
1246,E 106 St & Lexington Ave
1247,11 Ave & W 27 St
1248,E 55 St & 2 Ave
1249,Cortelyou Rd & E 19 St
1250,W 146 St & Broadway
1251,Sterling Pl & 5 Ave
1252,50 St & Northern Blvd
1253,Fort Hamilton Pkwy & E 2 St
1254,Metropolitan Ave & Bedford Ave
1255,Schermerhorn St & Hoyt St
1256,E 170 St & Sheridan Ave
1257,35 St & 34 Ave
1258,Central Park West & W 72 St
1259,Gansevoort St & Hudson St
1260,21 St & Queens Plaza North
1261,W 181 St & Riverside Dr
1262,Dean St & Franklin Ave
1263,McKibbin St & Manhattan Ave
1264,E 84 St & Park Ave
1265,Lincoln Pl & Classon Ave
1266,Morris Ave & E 163 St
1267,St Ann's Ave & Westchester Ave
1268,11 Ave & Prospect Ave
1269,31 St & Newtown Ave
1270,DeKalb Ave & S Portland Ave
1271,Adelphi St & Myrtle Ave
1272,Boston Rd & Prospect Ave
1273,31 Ave & Crescent St
1274,3 St & Prospect Park West
1275,E 53 St & Lexington Ave
1276,5 Ave & E 78 St
1277,E 2 St & Ave C
1278,Hancock St & Bedford Ave
1279,W 50 St & 9 Ave
1280,Lewis Ave & Greene Ave
1281,E 5 St & Ave A
1282,W 70 St & Amsterdam Ave
1283,6 Ave & W 33 St
1284,Plaza Dr & W 170 St
1285,E 102 St & 1 Ave
1286,3 Ave & Schermerhorn St
1287,Vesey St & Church St
1288,Crotona Ave & E 179 St
1289,Crescent Ave & Belmont Ave
1290,E 7 St & Ave B
1291,South Railroad Ave & Broadway
1292,Montrose Ave & Bushwick Ave
1293,Center Blvd & 51 Ave
1294,W 20 St & 5 Ave
1295,Emerson Pl & Myrtle Ave
1296,Brevoort Pl & Bedford Ave
1297,MacDougal St & Washington Sq
1298,E 53 St & Madison Ave
1299,W 74 St & Columbus Ave
1300,Milton St & Franklin St
1301,Riverside Blvd & W 67 St
1302,44 Dr & Jackson Ave
1303,Madison Ave & E 26 St
1304,Gramercy Park N & Gramercy Park E
1305,79 St & 37 Ave
1306,Crescent St & 30 Ave
1307,Forsyth St & Broome St
1308,5 St & 51 Ave
1309,Putnam Ave & Ralph Ave
1310,Bailey Ave & W 238 St
1311,Vernon Blvd & 50 Ave
1312,5 Ave & E 103 St
1313,40 St & Queens Blvd
1314,Amsterdam Ave & W 156 St
1315,Putnam Ave & Throop Ave
1316,Crotona Pkwy & Bronx Park S
1317,1 Ave & E 18 St
1318,Riverside Dr & Broadway
1319,E 16 St & Irving Pl
1320,12 Ave & W 40 St
1321,Court St & Nelson St
1322,Clinton Ave & Myrtle Ave
1323,S 5 Pl & S 5 St
1324,Division Ave & Hooper St
1325,7 Ave & 17 St
1326,28 St & 36 Ave
1327,76 St & 45 Ave
1328,W 54 St & 11 Ave
1329,W 106 St & Central Park West
1330,E 165 St & Jerome Ave
1331,Parkside Ave & Flatbush Ave
1332,57 St & 1 Ave
1333,Cooper Square & Astor Pl
1334,Henry St & Bay St
1335,Jackson Ave & 46 Rd
1336,E 102 St & Park Ave
1337,Warren St & Roosevelt Ave
1338,21 St & 4 Ave
1339,Berkeley Pl & 6 Ave
1340,Lispenard St & Broadway
1341,Albany St & Greenwich St
1342,Liberty St & Nassau St
1343,24 St & 38 Ave
1344,Brooklyn Ave & Prospect Pl
1345,Vernon Blvd & 10 St
1346,Metropolitan Ave & Meeker Ave
1347,Washington St & Gansevoort St
1348,58 St & 32 Ave
1349,E 1 St & 1 Ave
1350,Taylor St & Bedford Ave
1351,E 88 St & Park Ave
1352,W Broadway & W Houston St
1353,Center Blvd & 48 Ave
1354,Smith St & 9 St
1355,Lorimer St & Calyer St
1356,Flushing Ave & Vanderbilt Ave
1357,Willoughby Ave & Walworth St
1358,Lawrence St & Willoughby St
1359,E 141 St & Jackson Ave
1360,Central Ave & Starr St
1361,Driggs Ave & Lorimer St
1362,Devoe St & Morgan Ave
1363,Grand Ave & 55 St
1364,10 Ave & W 28 St
1365,Westchester Ave & Southern Blvd
1366,Division Ave & Marcy Ave
1367,17 St & 5 Ave
1368,Union St & Bedford Ave
1369,E 171 St & Webster Ave
1370,19 St & 8 Ave
1371,12 Ave & W 125 St
1372,E 17 St & Beverley Rd
1373,87 St & Roosevelt Ave
1374,104 St & 38 Ave
1375,Myrtle Ave & Fleet Pl
1376,1 Ave & E 68 St
1377,E 13 St & Ave A
1378,44 St & 48 Ave
1379,Degraw St & Hoyt St
1380,2 Ave & E 31 St
1381,Newton Rd & 44 St
1382,Brook Ave & E 141 St
1383,E 58 St & 1 Ave (NE Corner)
1384,Jackson Mill Rd & 24 Ave
1385,Margaret Corbin Plz & Ft Washington Ave
1386,Beverley Rd & Flatbush Ave
1387,Maple St & New York Ave
1388,E 174 St & Walton Ave
1389,Henry St & Degraw St
1390,King St & Varick St
1391,St James Pl & Oliver St
1392,8 Ave & W 49 St
1393,S 4 St & Wythe Ave
1394,Cortelyou Rd & Stratford Rd
1395,23 Ave & 31 St
1396,Union Ave & Jackson St
1397,N 12 St & Bedford Ave
1398,Ogden Ave & W 165 St
1399,E 4 St & 2 Ave
1400,Eastern Pkwy & Franklin Ave (NE Corner)
1401,W 18 St & 6 Ave
1402,Halsey St & Broadway
1403,Skillman Ave & 54 St
1404,Amsterdam Ave & W 180 St
1405,Degraw St & 3 Ave
1406,University Pl & E 14 St
1407,Old Fulton St
1408,Marcy Ave & Lafayette Ave
1409,3 Ave & E 62 St
1410,E 72 St & York Ave
1411,6 Ave & 21 St
1412,E 51 St & 1 Ave
1413,Marcy Ave & Gates Ave
1414,Morris Ave & McClellan St
1415,Macon St & Nostrand Ave
1416,Isham St & Broadway
1417,Giles Pl & Fort Independence St
1418,Greenwich Ave & 8 Ave
1419,34 Ave & 45 St
1420,Orchard St & Grand St
1421,E 58 St & 1 Ave (NW Corner)
1422,Newtown Ave & 23 St
1423,Bergen St & Kingston Ave
1424,Berry St & N 8 St
1425,34 St & 38 Ave
1426,Broadway & 49 St
1427,Broadway & Madison St
1428,Allen St & Stanton St
1429,6 Ave & Broome St
1430,Wythe Ave & N 13 St
1431,W 84 St & Amsterdam Ave
1432,Fulton St & Waverly Ave
1433,Carlton Ave & Dean St
1434,31 Ave & 30 St
1435,Broadway & W 122 St
1436,32 Ave & 84 St
1437,Grand Concourse & E 197 St
1438,E 165 St & Clay Ave
1439,11 Ave & W 59 St
1440,Sterling Pl & Classon Ave
1441,46 Rd & 11 St
1442,Fort Hamilton Pkwy & E 5 St
1443,8 Ave & W 27 St
1444,Lafayette St & Jersey St
1445,Central Park W & W 103 St
1446,Plaza St East & Flatbush Ave
1447,9 Ave & W 39 St
1448,E 11 St & 1 Ave
1449,Richardson St & N Henry St
1450,Ave A & E 14 St
1451,Bergen St & Smith St
1452,Lafayette Ave & Ft Greene Pl
1453,E 7 St & Ave C
1454,Carroll St & Smith St
1455,Pulaski St & Marcus Garvey Blvd
1456,Brooklyn Ave & Lefferts Ave
1457,Riverside Dr & W 145 St
1458,104 St & Northern Blvd
1459,W 186 St & St Nicholas Ave
1460,Fort Washington Ave & W 190 St
1461,Woodhaven Blvd & Hoffman Dr
1462,34 Ave & 38 St
1463,Central Park W & W 91 St
1464,Central Park West & W 76 St
1465,Motorgate
1466,8 St & Astoria Blvd
1467,Union Ave & N 12 St
1468,Franklin St & W Broadway
1469,McGuinness Blvd & Eagle St
1470,W 120 St & Claremont Ave
1471,9 Ave & W 18 St
1472,Cambridge Pl & Gates Ave
1473,S Portland Ave & Hanson Pl
1474,8 Ave & W 52 St
1475,Broadway & W 153 St
1476,Broadway & W 56 St
1477,W 106 St & Amsterdam Ave
1478,Wadsworth Ave & W 179 St
1479,W 51 St & Rockefeller Plaza
1480,8 Ave & W 16 St
1481,Skillman Ave & Honeywell St
1482,21 St & 31 Dr
1483,1 Ave & E 16 St
1484,E 158 St & Melrose Ave
1485,5 Ave & 41 St
1486,St Johns Pl & Utica Ave
1487,78 St & Northern Blvd
1488,Bushwick Ave & McKibbin St
1489,Carlton Ave & Flushing Ave
1490,Norman Ave & Leonard St
1491,W 145 St & Amsterdam Ave
1492,Elmhurst Ave & Roosevelt Ave
1493,E 33 St & 1 Ave
1494,Bergen St & Flatbush Ave
1495,E 84 St & 1 Ave
1496,45 Ave & 21 St
1497,Hamilton Pl & W 140 St
1498,Chauncey St & Stuyvesant Ave
1499,W 4 St & 7 Ave S
1500,44 Dr & 21 St
1501,35 Ave & 10 St
1502,Bedford Ave & Bergen St
1503,Grand St & Greene St
1504,Broadway & W 36 St
1505,Concourse Village East & E 158 St
1506,W 44 St & 11 Ave
1507,9 Ave & W 45 St
1508,Bond St & Bergen St
1509,Lexington Ave & Classon Ave
1510,Carlton Ave & Greene Ave
1511,21 St & 43 Ave
1512,Vesey Pl & River Terrace
1513,Carroll St & 6 Ave
1514,Frederick Douglass Blvd & W 129 St
1515,Lenox Ave & W 115 St
1516,E 77 St & 3 Ave
1517,Banker St & Meserole Ave
1518,Broadway & W 58 St
1519,University Ave & Brandt Pl
1520,W 56 St & 10 Ave
1521,10 St & 5 Ave
1522,Perry St & Greenwich Ave
1523,W 37 St & 5 Ave
1524,Frederick Douglass Blvd & W 112 St
1525,W 90 St & Amsterdam Ave
1526,Nostrand Ave & Rutland Rd
1527,Convent Ave & W 135 St
1528,N 5 St & Northside Piers
1529,Edgecombe Ave & W 145 St
1530,E 32 St & Park Ave
1531,51 Ave & Corona Ave
1532,Columbia St & Degraw St
1533,Boerum St & Broadway
1534,39 St & Queens Blvd
1535,Clermont Ave & Lafayette Ave
1536,President St & 4 Ave
1537,Prospect Pl & Nostrand Ave
1538,36 St & 3 Ave
1539,Greenwich St & W Houston St
1540,W 64 St & Thelonious Monk Circle
1541,Washington Ave & Park Pl
1542,W 163 St & Edgecombe Ave
1543,Little West St & 1 Pl
1544,W 42 St & 6 Ave
1545,Broadway & W 220 St
1546,Grand Concourse & E Mount Eden Ave
1547,Greenwood Ave & E 4 St
1548,Cherry St
1549,Crotona Park North & Prospect Ave
1550,Featherbed Ln & Nelson Ave
1551,Fulton St & Utica Ave
1552,W 20 St & 7 Ave
1553,Morgan Ave & Lombardy St
1554,Rivington St & Chrystie St
1555,Dwight St & Van Dyke St
1556,Amsterdam Ave & W 186 St
1557,Cedar St & Evergreen Ave
1558,Amory Ct & Metropolitan Ave
1559,Greenwich St & Rector St
1560,Hudson St & W 13 St
1561,Driggs Ave & N Henry St
1562,Mets Plaza at Citi Field
1563,Fulton St & Williams Ave
1564,50 St & 7 Ave
1565,Jerome Ave & E 164 St
1566,21 St & 36 Ave
1567,E 21 St & Church Ave
1568,Hunts Point Ave & Bryant Ave
1569,Wallabout St & Kent Ave
1570,Winthrop St & Schenectady Ave
1571,4 Ave & Shore Road Dr
1572,Barrow St & Hudson St
1573,5 Ave & E 30 St
1574,Schenectady Ave & Pacific St
1575,3 Ave & E 72 St
1576,Murray St & West St
1577,Astoria Park S & Shore Blvd
1578,38 Ave & 29 St
1579,Broadway & W 48 St
1580,3 St & 3 Ave
1581,Van Dam St & Greenpoint Ave
1582,Waldron St & 108 St
1583,W 144 St & Adam Clayton Powell Blvd
1584,Westchester Ave & Longwood Ave
1585,W 107 St & Columbus Ave
1586,Nostrand Ave & Flushing Ave
1587,5 Ave & E 87 St
1588,Sterling Pl & Bedford Ave
1589,10 Ave & W 202 St
1590,Marcy Ave & Lynch St
1591,Buffalo Ave & E New York Ave
1592,7 Ave & 41 St
1593,Willis Ave & E 143 St
1594,Goble Pl & Macombs Rd
1595,Schermerhorn St & Court St
1596,Grand Concourse & E 167 St
1597,Bedford Ave & Fenimore St
1598,E 56 St & Madison Ave
1599,2 Ave & E 72 St
1600,E 179 St & Southern Blvd
1601,Sterling St & Nostrand Ave
1602,E 81 St & York Ave
1603,E 156 St & Brook Ave
1604,W 192 St & University Ave
1605,3 Ave & E 163 St
1606,McKibbin St & Bogart St
1607,E 93 St & 2 Ave
1608,South St & Broad St
1609,Bank St & Hudson St
1610,Parkside Ave & Ocean Ave
1611,E 167 St & Clay Ave
1612,39 St & 50 Ave
1613,Sterling Pl & Franklin Ave
1614,William St & Pine St
1615,W 110 St & Amsterdam Ave
1616,Bedford Ave & Montgomery St
1617,South St & Pike St
1618,E 31 St & 3 Ave
1619,10 Ave & W 207 St
1620,Broadway & W 51 St
1621,47 Ave & Skillman Ave
1622,Old Slip & South St
1623,W 35 St & 8 Ave
1624,Broadway & E 14 St
1625,7 Ave & Central Park South
1626,St Nicholas Ave & Manhattan Ave
1627,Bushwick Ave & Forrest St
1628,24 St & 41 Ave
1629,Schenectady Ave & Prospect Pl
1630,Central Ave & Covert St
1631,75 St & 35 Ave
1632,Freeman St & Southern Blvd
1633,90 St & 51 Ave
1634,Lefferts Pl & Franklin Ave
1635,Lewis Ave & Madison St
1636,E 5 St & Cooper Sq
1637,30 Ave & 70 St
1638,W 13 St & 7 Ave
1639,Sunken Meadow Comfort Station
1640,Prospect Ave & E 167 St
1641,71 St & 32 Ave
1642,W 111 St & 5 Ave
1643,Broadway & W 41 St
1644,W 135 St & Lenox Terrace Pl
1645,102 St & 34 Ave
1646,Grand St & Samuel Dickstein Plaza
1647,Adam Clayton Powell Blvd & W 151 St
1648,Longfellow Ave & Aldus St
1649,Lenox Ave & W 111 St
1650,23 St & 3 Ave
1651,Cauldwell Ave & E 161 St
1652,Stuyvesant Walk & 1 Ave Loop
1653,W 53 St & 10 Ave
1654,N 9 St & Wythe Ave
1655,West St & Liberty St
1656,6 Ave & Walker St
1657,E 6 St & 2 Ave
1658,Jay St & Tech Pl
1659,Morton St & Washington St
1660,E 181 St & Bathgate Ave
1661,E 16 St & Cortelyou Rd
1662,93 St & Northern Blvd
1663,Bailey Ave & W 234 St
1664,Valentine Ave & E 181 St
1665,104 St & 32 Ave
1666,E 180 St & Prospect Ave
1667,Boone Ave & E 172 St
1668,E 5 St & Ave C
1669,Boston Rd & E 167 St
1670,2 Ave & E 122 St
1671,Greenpoint Ave & 47 St
1672,Wythe Ave & Metropolitan Ave
1673,Kingsland Ave & Nassau Ave
1674,Howard St & Lafayette St
1675,Hancock St & Malcolm X Blvd
1676,Winthrop St & Nostrand Ave
1677,32 Ave & 75 St
1678,W 165 St & Fort Washington Ave
1679,St Nicholas Ave & W 150 St
1680,Menahan St & Central Ave
1681,60 Ave & Junction Blvd
1682,E 157 St & River Ave
1683,Albany Ave & Fulton St
1684,81 St & 35 Ave
1685,1 Ave & E 118 St
1686,E 27 St & Park Ave S
1687,E 163 St & Tiffany St
1688,Forsyth St & Canal St
1689,Kosciuszko St & Tompkins Ave
1690,Pacific St & Nostrand Ave
1691,Irving Ave & DeKalb Ave
1692,Johnson St & Gold St
1693,W 168 St & Ft Washington Ave
1694,Broadway & Kosciuszko St
1695,Knickerbocker Ave & George St
1696,Wyckoff St & 3 Ave
1697,Willis Ave & E 137 St
1698,28 Ave & 35 St
1699,Pacific St & Classon Ave
1700,56 Ave & Junction Blvd
1701,Amsterdam Ave & W 73 St
1702,Pearl St & Whitehall St
1703,Lexington Ave & E 29 St
1704,3 St & Hoyt St
1705,Courtlandt Ave & E 149 St
1706,Fort Washington Ave & W 183 St
1707,24 Ave & 26 St
1708,Prospect Pl & Howard Ave
1709,Sheridan Ave & E 172 St
1710,36 St & 4 Ave
1711,3 Ave & 14 St
1712,Prospect Park SW & Greenwood Ave
1713,E 138 St & Cypress Ave
1714,Bergen St & 4 Ave
1715,Pacific St & Utica Ave
1716,W 92 St & Broadway
1717,E 85 St & York Ave
1718,Eastern Pkwy & Rochester Ave
1719,Driggs Ave & N 9 St
1720,33 St & 47 Ave
1721,Macombs Pl & W 152 St
1722,6 Ave & 12 St
1723,W 50 St & 10 Ave
1724,South St & Gouverneur Ln
1725,Bushwick Ave & Harman St
1726,Southern Blvd & Tiffany St
1727,Jefferson St & Cypress Ave
1728,3 Ave & E 109 St
1729,Webster Ave & E 166 St
1730,Park Ave & E 179 St
1731,Halsey St & Ralph Ave
1732,Engert Ave & McGuinness Blvd
1733,50 St & Barnett Ave
1734,W 36 St & 7 Ave
1735,W 190 St & St Nicholas Ave
1736,W 34 St & 11 Ave
1737,Bronx Shore Comfort Station
1738,E 60 St & York Ave
1739,Menahan St & Onderdonk Ave
1740,28 Ave & 44 St
1741,Bedford Ave & Maple St
1742,S 2 St & Kent Ave
1743,Clarkson Ave & Nostrand Ave
1744,57 St & 43 Ave
1745,Grove St & Broadway
1746,38 St & Northern Blvd
1747,E 165 St & Fox St
1748,St Marks Ave & Ralph Ave
1749,Wyckoff Ave & Jefferson St
1750,Monroe St & Tompkins Ave
1751,21 Ave & Shore Blvd
1752,Delancey St & Eldridge St
1753,23 Rd & 31 St
1754,4 Ave & E 12 St
1755,Greene Ave & Grandview Ave
1756,Myrtle Ave & 65 St
1757,Broadway & Ellwood St
1758,Brooklyn Ave & Dean St
1759,W 47 St & 10 Ave
1760,Pier 61 at Chelsea Piers
1761,18 St & 27 Ave
1762,Broadway & Van Cortlandt Park S
1763,Prospect Park SW & 10 Ave
1764,30 Ave & 96 St
1765,Broadway & W 37 St
1766,41 Ave & 77 St
1767,96 St & Northern Blvd
1768,Lenox Ave & W 133 St
1769,Whitney Ave & Ketcham Pl
1770,Broadway & Furman Ave
1771,90 St & 32 Ave
1772,Walton Ave & E 151 St
1773,Kingston Ave & Herkimer St
1774,19 St & 24 Ave
1775,E 34 St & Linden Blvd
1776,E 182 St & Morris Ave
1777,20 Ave & 42 St
1778,Willow Ave & E 133 St
1779,Broadway & W 238 St
1780,Lorimer St & Harrison Ave
1781,Franklin Ave & E 169 St
1782,Pioneer St & Van Brunt St
1783,Lenox Ave & W 126 St
1784,Jerome Ave & W Fordham Rd
1785,7 Ave S & Bleecker St
1786,Lexington Ave & E 127 St
1787,Nagle Ave & Ellwood St
1788,Ithaca St & Baxter Ave
1789,Water St & Fletcher St
1790,E 132 St & Madison Ave
1791,Walker St & Baxter St
1792,47 St & 3 Ave
1793,N 11 St & Kent Ave
1794,Jackson St & Leonard St
1795,Clay Ave & Claremont Pkwy
1796,53 St & 5 Ave
1797,Garrison Ave & Manida St
1798,72 St & 31 Ave
1799,E 2 St & Ave B
1800,Van Sinderen Ave & Atlantic Ave
1801,38 St & 30 Ave
1802,W 35 St & Dyer Ave
1803,W 26 St & 10 Ave
1804,Suffolk St & Stanton St
1805,Louis Nine Blvd & Intervale Ave
1806,Murray St & Greenwich St
1807,E 44 St & 2 Ave
1808,Jerome Ave & Ogden Ave
1809,Winthrop St & Rogers Ave
1810,Atlantic Ave & Fort Greene Pl
1811,Greene Ave & Throop Ave
1812,W 43 St & 10 Ave
1813,Corona Ave & 92 St
1814,E 59 St & Madison Ave
1815,Prospect Park SW & Vanderbilt St
1816,3 Ave & E 71 St
1817,E 8 St & Caton Ave
1818,St Marks Pl & 1 Ave
1819,State St & Smith St
1820,Myrtle Ave & St Edwards St
1821,86 St & 35 Ave
1822,South St & Whitehall St
1823,31 Pl & Hunters Point Ave
1824,E 19 St & 3 Ave
1825,W 42 St & Dyer Ave
1826,Madison St & Cypress Ave
1827,Grand Concourse & E 164 St
1828,E 68 St & Madison Ave
1829,Parkside Ave & Parade Pl
1830,Paul Ave & Mosholu Pkwy
1831,Grand Concourse & E 171 St
1832,Morgan Ave & Maspeth Ave
1833,Steinway St & 28 Ave
1834,E 149 St & Eagle Ave
1835,Grand St & Elizabeth St
1836,Hancock St & Wyckoff Ave
1837,Bushwick Ave & Linden St
1838,Wards Meadow Comfort Station
1839,8 Ave & W 38 St
1840,E 160 St & Tinton Ave
1841,Anthony Ave & E Tremont Ave
1842,Bradley Ave & Greenpoint Ave
1843,Turner Pl & Coney Island Ave
1844,Steinway St & 21 Ave
1845,Bulova Ave & Brooklyn Queens Expressway W
1846,Winthrop St & Albany Ave
1847,McDonald Ave & Vanderbilt St
1848,E 95 St & 3 Ave
1849,Amsterdam Ave & W 189 St
1850,60 Ave & Otis Ave
1851,E 66 St & Madison Ave
1852,Myrtle Ave & Grove St
1853,Adam Clayton Powell Blvd & W 115 St
1854,51 Ave & Van Loon St
1855,Echo Pl & Grand Concourse
1856,Park Ave & Marcus Garvey Blvd
1857,Wyckoff Ave & Gates Ave
1858,E 48 St & Tilden Ave
1859,E 34 St & Church Ave
1860,W 140 St & Riverside Dr
1861,W 147 St & Adam Clayton Powell Blvd
1862,46 Ave & Junction Blvd
1863,Jerome Ave & W 193 St
1864,Freeman St & Reverend James A Polite Ave
1865,Leonard St & Church St
1866,12 Ave & 36 St
1867,Bialystoker Pl & Delancey St
1868,W 176 St & Montgomery Ave
1869,Ogden Ave & Merriam Ave
1870,E 138 St & Willow Ave
1871,Grand Concourse & E 144 St
1872,E 20 St & Park Ave
1873,Amsterdam Ave & W 119 St
1874,34 St & 4 Ave
1875,48 St & Barnett Ave
1876,Pinehurst Ave & W 187 St
1877,Riverside Dr & W 78 St
1878,E 44 St & Lexington Ave
1879,E 15 St & 3 Ave
1880,Fairview Ave & Linden St
1881,Adam Clayton Powell Blvd & W 130 St
1882,Monitor St & Meeker Ave
1883,Ditmars Blvd & 94 St
1884,E 51 St & Linden Blvd
1885,E 147 St & Bergen Ave
1886,Lewis Ave & Decatur St
1887,Walton Ave & E 171 St
1888,Arthur Ave & E Tremont Ave
1889,Aqueduct Ave & North St
1890,W 95 St & Broadway
1891,43 St & Broadway
1892,Home St & Westchester Ave
1893,51 Ave & 61 St
1894,Willis Ave & E 141 St
1895,Jerome Ave & W 184 St
1896,Central Ave & Flushing Ave
1897,Grand Concourse & E Mosholu Pkwy S
1898,Jerome Ave & W 195 St
1899,Sherman Ave & Thayer St
1900,Jerome Ave & W 177 St
1901,Lenox Ave & W 146 St
1902,Nelson Ave & 167 St
1903,Bradhurst Ave & W 148 St
1904,Carroll St & Washington Ave
1905,University Ave & Morton Pl
1906,Reade St & Broadway
1907,Andrew Ave N & Hall of Fame Tce
1908,Kingston Ave & E New York Ave
1909,Lexington Ave & E 111 St
1910,Linden Blvd & Nostrand Ave
1911,E 155 St & Courtlandt Ave
1912,Harlem River Dr & W 155 St
1913,5 Ave & E 135 St
1914,W Tremont Ave & Montgomery Ave
1915,Maple St & Flatbush Ave
1916,Seaman Ave & Isham St
1917,E 94 St & Madison Ave
1918,45 St & 4 Ave
1919,Prospect Ave & Greenwood Ave
1920,E Mosholu Pkwy & Van Cortlandt Ave E
1921,Macombs Rd & W 175 St
1922,Dwight St & Dikeman St
1923,E 182 St & Grand Concourse
1924,1 Ave & E 44 St
1925,Madison St & Evergreen Ave
1926,E 61 St & Madison Ave
1927,E 149 St & Morris Ave
1928,Beverley Rd & Nostrand Ave
1929,Onderdonk Ave & Dekalb Ave
1930,Broadway & 51 St
1931,64 St & Woodbine St
1932,Eastern Pkwy\t& St Marks Ave
1933,Cypress Ave & St Felix Ave
1934,Linden St & Knickerbocker Ave
1935,51 St & Queens Blvd
1936,Moffat St & Bushwick
1937,E 174 St & Longfellow Ave
1938,Crotona Pkwy & Elsmere Pl
1939,Shop Morgan
1940,82 St & Broadway
1941,35 St & 30 Ave
1942,Morris Ave & E Burnside Ave
1943,3 Ave & E 172 St
1944,30 St & 48 Ave
1945,Grand Concourse & E 196 St
1946,7 Ave & 40 St
1947,Lenox Ave & W 144 St
1948,E 144 St & Brook Ave
1949,Pleasant Ave & E 120 St
1950,Patchen Ave & Bainbridge St
1951,57 Rd & 58 St
1952,Caton Ave & E 10 St
1953,58 St & 56 Dr
1954,62 St & 4 Ave
1955,Tyler Ave & Maurice Ave
1956,E 49 St & Church Ave
1957,46 St & 30 Rd
1958,Bainbridge Ave & E 198 St
1959,W 204 St & Nagle Ave
1960,River Ave & E 151 St
1961,Adam Clayton Powell Blvd & W 141 St
1962,W 45 St & 8 Ave
1963,31 St & 21 Ave
1964,Bedford Ave & Clarkson Ave
1965,Gerard Ave & E 164 St
1966,75 St & Northern Blvd
1967,34 St & 5 Ave
1968,97 St & 23 Ave
1969,58 St & Pier 4
1970,W 47 St & 6 Ave
1971,97 St & 57 Ave
1972,49 Ave & 27 St
1973,48 Ave & 37 St
1974,Wyckoff Ave & Cooper Ave
1975,59 St & 41 Ave
1976,79 St & Woodside Ave
1977,Palmetto St & Traffic Ave
1978,E 169 St & Fox St
1979,Fresh Pond Rd & Flushing Ave
1980,Maple St & Albany Ave
1981,Woodside Ave & 55 St
1982,94 St & 57 Ave
1983,E Tremont Ave & Jerome Ave
1984,Stagg St & Morgan Ave
1985,Clarkson Ave & Utica Ave
1986,Richards St & Delavan St
1987,Adam Clayton Powell Blvd & W 138 St
1988,29 St & Skillman Ave
1989,3 Ave & E 189 St
1990,Union Ave & E 169 St
1991,Clarkson Ave & E 37 St
1992,Caton Ave & Bedford Ave
1993,Irving Ave & Palmetto St
1994,99 St & Astoria Blvd
1995,National St & 45 Ave
1996,61 St & Queens Blvd
1997,Midwood St & Utica Ave
1998,E 19 St & Beverley Rd
1999,Cedar Ave & W Fordham Rd
2000,E 134 St & Walnut Ave
2001,Anderson Ave & W 164 St
2002,Rogers Pl & E 165 St
2003,Carroll St & Rochester Ave
2004,Rutland Rd & E 45 St
2005,49 St & 25 Ave
2006,W 155 St & Frederick Douglass Blvd
2007,Walton Ave & E 183 St
2008,Barclay St & Church St
2009,Buffalo Ave & St John's Pl
2010,Fulton St & Saratoga Ave
2011,Catherine St & Monroe St
2012,Ditmars Blvd & 102 St
2013,Stanhope St & Fairview Ave
2014,Crotona Park East & E 173 St
2015,62 St & 7 Ave
2016,Park Ave & E 162 St
2017,Somers St & Broadway
2018,65 St & Roosevelt Ave
2019,85 St & Northern Blvd
2020,30 Ave & 80 St
2021,Ave D & E 10 St
2022,Broadway & Battery Pl
2023,Corona Ave & 98 St
2024,34 Ave & 113 St
2025,37 Ave & 113 St
2026,E 133 St & Cypress Pl
2027,Dawson St & Intervale Ave
2028,Crown St & Troy Ave
2029,Schenectady Ave & Maple St
2030,Van Cortlandt Park S & Dickinson Ave
2031,Tilden Ave & Lott St
2032,43 Ave & 111 St
2033,Shea Rd & Boat Basin Pl
2034,Grand Concourse & E 184 St
2035,Faile St & Garrison Ave
2036,107 St & 32 Ave
2037,E 191 St & Bathgate Ave
2038,Crotona Ave & E 183 St
2039,Rugby Rd & Beverley Rd
2040,65 Pl & 53 Ave
2041,Jerome Ave & E 198 St
2042,Borden Ave & 25 St
2043,Waterloo Pl & Crotona Park East
2044,65 Pl & Woodside Ave
2045,39 Ave & 56 St
2046,Columbia St & Rivington St
2047,W 37 St & Broadway
2048,47 Ave & 104 St
2049,72 St & 41 Ave
2050,51 Ave & Junction Blvd
2051,Lee Ave & Taylor St
2052,99 St & 50 Ave
2053,5 Ave & 67 St
2054,Grand Ave & W Fordham Rd
2055,Bronx Park S & Bryant Ave
2056,St Johns Pl & Howard Ave
2057,Tilden Ave & Nostrand Ave
2058,Herkimer St & Eastern Pkwy
2059,Southern Blvd & E 175 St
2060,65 St & 35 Ave
2061,Claflin Ave & Reservoir Ave
2062,Vyse Ave & E 181 St
2063,Decatur Ave & Bedford Park Blvd
2064,114 St & 39 Ave
2065,E 167 St & Franklin Ave
2066,E 82 St & East End Ave
2067,Church Ave & E 42 St
2068,49 Ave & 108 St
2069,98 St & 25 Ave
2070,Metropolitan Ave & 65 Ln
2071,Van Cleef St & 108 St
2072,Gleane St & Britton Ave
2073,Bainbridge Ave & E 196 St
2074,Pitkin Ave & Grafton St
2075,Bergen St & Mother Gaston Blvd
2076,Broadway & E 19 St
2077,Halsey St & Evergreen Ave
2078,Sedgwick Ave & Hillman Ave
2079,61 St & Borden Ave
2080,Thomas S. Boyland St & Fulton St
2081,Soissons Landing
2082,Southern Blvd & Xavier Way
2083,43 St & 23 Ave
2084,Rutland Rd & Brooklyn Ave
2085,E 17 St & Broadway
2086,60 Pl & Flushing Ave
2087,W 218 St & Broadway
2088,82 St & 30 Ave
2089,Gerard Ave & McClellan St
2090,Forest Ave & Summerfield St
2091,Clarkson Ave & Troy Ave
2092,Summerfield St & Cypress Ave
2093,61 St & 60 Ln
2094,31 Ave & 84 St
2095,60 Pl & 67 Ave
2096,Van Cortlandt Park S & Gouverneur Ave
2097,20 Ave & 48 St
2098,Bailey Ave & Sedgwick Ave
2099,60 Ave & Fresh Pond Rd
2100,Eliot Ave & 60 Ln
2101,60 Pl & Linden St
2102,54 St & 37 Ave
2103,Lott St & Erasmus St
2104,E 180 St & Monterey Ave
2105,E New York Ave & Troy Ave
2106,39 Ave & 54 St
2107,Troy Ave & Linden Blvd
2108,E 187 St & 3 Ave
2109,59 St & 59 Rd
2110,Brooklyn Ave & Beverley Rd
2111,Strong St & University Ave
2112,W Mosholu Pkwy S & Sedgwick Ave
2113,Sedgwick Ave & W 231 St
2114,24 Ave & 92 St
2115,31 Ave & 86 St
2116,E 38 St & Church Ave
2117,99 St & 38 Ave
2118,Seneca Ave & Decatur St
2119,Aqueduct Ave & W 190 St
2120,Thomas S. Boyland St & Macon St
2121,E 201 St & Briggs Ave
2122,Sedgwick Ave & Hall of Fame Terrace
2123,Morgan Loading Docks
2124,42 St & 1 Ave
2125,43 St & 37 Ave
2126,9 Ave & W 219 St
2127,W 211 St & 10 Ave
2128,99 St & 58 Ave
2129,Columbus Drive
2130,Marin Light Rail
2131,Bronx WH station
2132,City Hall - Washington St & 1 St
2133,14 St Ferry - 14 St & Shipyard Ln
2134,Hamilton Park
2135,Manila & 1st
2136,Grand St & 14 St
2137,Morris Canal
2138,Harborside
2139,Washington St
2140,Stevens - River Ter & 6 St
2141,Newport PATH
2142,Madison St & 10 St
2143,Pier 40 X2
2144,Brunswick St
2145,12 St & Sinatra Dr N
2146,Essex Light Rail
2147,City Hall
2148,190 Morgan
2149,Newark Ave
2150,Warren St
2151,Paulus Hook
